ID,Gender,Age,Edu,Inc,Emp,Monthly_Spend,Retail_Platform,Adv,Soc,Grat,Ide,Rol,Val,Eff,Ach,MAH_1,filter_$,Spend,Occupation
200,2.0,2.0,2.0,2.0,1.0,2.0,1.0,33.333.333.333.333.300,3.5,3.0,3.0,4.0,3.25,4.0,4.333.333.333.333.330,6.972.895.211.520.100,1.0,2.0,3.0
270,2.0,1.0,2.0,2.0,2.0,2.0,1.0,33.333.333.333.333.300,3.25,3.0,3.0,3.25,3.0,3.5,36.666.666.666.666.600,7.589.536.930.562.720,1.0,2.0,4.0
302,1.0,1.0,2.0,2.0,4.0,1.0,0.0,36.666.666.666.666.600,3.5,4.0,3.5,4.0,3.5,4.0,4.0,7.710.251.828.716.940,1.0,1.0,6.0
381,1.0,2.0,2.0,2.0,1.0,2.0,1.0,4.333.333.333.333.330,3.75,4.0,3.5,4.0,3.5,3.5,4.0,8.935.134.398.872.390,1.0,2.0,3.0
64,2.0,2.0,2.0,2.0,1.0,2.0,0.0,4.0,3.25,4.0,3.0,4.0,3.0,3.5,4.333.333.333.333.330,8.958.068.950.034.400,1.0,2.0,2.0
264,2.0,1.0,1.0,1.0,1.0,1.0,1.0,4.0,3.75,4.0,3.0,4.0,3.5,3.5,4.0,9.749.931.629.008.300,1.0,1.0,3.0
243,2.0,1.0,1.0,1.0,1.0,1.0,0.0,36.666.666.666.666.600,3.5,33.333.333.333.333.300,3.0,3.75,3.5,3.0,36.666.666.666.666.600,11.171.391.278.034.300,1.0,1.0,3.0
308,2.0,1.0,2.0,1.0,1.0,1.0,0.0,33.333.333.333.333.300,2.75,26.666.666.666.666.600,3.0,3.75,3.0,3.5,36.666.666.666.666.600,11.517.350.969.186.300,1.0,1.0,3.0
136,1.0,2.0,2.0,2.0,1.0,2.0,0.0,4.0,3.75,36.666.666.666.666.600,3.0,3.75,3.75,4.0,4.0,1.208.028.370.151.050,1.0,2.0,3.0
207,2.0,1.0,2.0,1.0,1.0,2.0,0.0,4.0,3.25,4.0,3.5,4.5,3.25,3.5,4.0,13.037.871.635.162.600,1.0,2.0,2.0
106,1.0,1.0,1.0,2.0,1.0,2.0,0.0,3.0,3.0,33.333.333.333.333.300,3.0,3.5,2.75,4.0,4.0,13.983.956.918.721.600,1.0,2.0,3.0
147,2.0,2.0,1.0,2.0,1.0,1.0,1.0,4.0,4.0,36.666.666.666.666.600,4.0,4.25,3.5,3.5,4.0,1.416.774.345.066.720,1.0,1.0,2.0
97,1.0,1.0,2.0,2.0,2.0,2.0,0.0,4.0,4.0,4.0,4.0,4.0,4.0,4.0,4.0,16.228.498.148.008.100,1.0,3.0,4.0
99,1.0,1.0,2.0,2.0,2.0,2.0,1.0,4.0,4.0,4.0,4.0,4.0,4.0,4.0,4.0,16.228.498.148.008.100,1.0,3.0,4.0
100,1.0,1.0,2.0,2.0,2.0,2.0,1.0,4.0,4.0,4.0,4.0,4.0,4.0,4.0,4.0,16.228.498.148.008.100,1.0,3.0,4.0
101,1.0,1.0,2.0,2.0,2.0,2.0,0.0,4.0,4.0,4.0,4.0,4.0,4.0,4.0,4.0,16.228.498.148.008.100,1.0,3.0,4.0
103,1.0,1.0,2.0,2.0,2.0,2.0,1.0,4.0,4.0,4.0,4.0,4.0,4.0,4.0,4.0,16.228.498.148.008.100,1.0,3.0,4.0
155,2.0,1.0,2.0,1.0,2.0,1.0,1.0,4.0,4.0,4.0,4.0,4.0,4.0,4.0,4.0,16.228.498.148.008.100,1.0,1.0,4.0
211,1.0,1.0,2.0,2.0,1.0,2.0,1.0,4.0,4.0,4.0,4.0,4.0,4.0,4.0,4.0,16.228.498.148.008.100,1.0,3.0,3.0
321,2.0,2.0,2.0,2.0,1.0,2.0,0.0,36.666.666.666.666.600,4.0,4.0,3.0,4.0,3.0,3.5,4.0,16.640.639.394.798.900,1.0,2.0,2.0
156,2.0,2.0,2.0,2.0,1.0,1.0,0.0,36.666.666.666.666.600,3.25,26.666.666.666.666.600,3.0,3.25,2.75,3.5,4.0,1.684.992.813.193.560,1.0,1.0,1.0
386,1.0,1.0,2.0,2.0,1.0,2.0,0.0,33.333.333.333.333.300,3.25,4.0,3.5,4.25,3.5,4.0,4.0,17.318.803.211.706.000,1.0,2.0,3.0
389,1.0,1.0,1.0,1.0,1.0,2.0,1.0,33.333.333.333.333.300,3.5,4.0,4.0,4.0,3.5,4.0,4.0,17.623.243.495.267.200,1.0,2.0,3.0
79,1.0,2.0,2.0,2.0,1.0,2.0,0.0,33.333.333.333.333.300,3.0,23.333.333.333.333.300,3.0,3.25,3.25,3.5,36.666.666.666.666.600,18.018.645.984.990.300,1.0,2.0,3.0
343,1.0,1.0,2.0,1.0,4.0,2.0,1.0,4.0,3.5,3.0,3.0,4.25,3.5,4.5,4.333.333.333.333.330,18.285.678.921.565.000,1.0,2.0,6.0
88,1.0,1.0,2.0,2.0,2.0,2.0,0.0,36.666.666.666.666.600,4.0,4.0,4.0,4.0,4.0,4.0,4.0,19.083.710.037.952.400,1.0,3.0,4.0
170,2.0,2.0,1.0,2.0,1.0,2.0,0.0,36.666.666.666.666.600,4.0,4.0,4.0,4.0,4.0,4.0,4.0,19.083.710.037.952.400,1.0,2.0,3.0
376,1.0,1.0,1.0,2.0,1.0,2.0,0.0,36.666.666.666.666.600,4.0,4.0,4.0,4.0,4.0,4.0,4.0,19.083.710.037.952.400,1.0,2.0,3.0
123,2.0,1.0,2.0,1.0,1.0,2.0,1.0,33.333.333.333.333.300,3.75,26.666.666.666.666.600,3.0,4.0,2.5,4.0,4.0,20.590.507.105.683.500,1.0,2.0,3.0
59,2.0,1.0,1.0,1.0,1.0,2.0,0.0,4.0,2.75,36.666.666.666.666.600,3.5,3.5,3.5,4.0,4.0,2.137.184.244.373.030,1.0,3.0,1.0
356,1.0,1.0,2.0,1.0,4.0,2.0,1.0,4.333.333.333.333.330,3.0,4.0,3.5,4.5,3.5,3.5,4.0,2.143.856.832.043.730,1.0,2.0,6.0
185,1.0,1.0,2.0,1.0,4.0,1.0,1.0,33.333.333.333.333.300,3.5,4.333.333.333.333.330,4.0,4.0,3.25,4.0,4.333.333.333.333.330,2.220.407.171.093.620,1.0,1.0,6.0
31,1.0,2.0,2.0,2.0,1.0,2.0,1.0,33.333.333.333.333.300,3.0,3.0,3.0,3.0,3.0,3.0,3.0,22.304.397.181.337.500,1.0,2.0,2.0
322,2.0,1.0,2.0,2.0,1.0,1.0,0.0,36.666.666.666.666.600,4.0,36.666.666.666.666.600,3.5,4.0,3.5,4.5,5.0,22.404.777.077.815.200,1.0,1.0,3.0
29,2.0,1.0,1.0,2.0,4.0,2.0,1.0,3.0,3.0,3.0,3.0,3.0,3.0,3.0,3.0,22.844.466.524.227.100,1.0,2.0,6.0
42,2.0,2.0,1.0,1.0,1.0,2.0,1.0,3.0,3.0,3.0,3.0,3.0,3.0,3.0,3.0,22.844.466.524.227.100,1.0,2.0,3.0
228,2.0,1.0,2.0,1.0,2.0,1.0,0.0,3.0,3.0,3.0,3.0,3.0,3.0,3.0,3.0,22.844.466.524.227.100,1.0,1.0,4.0
310,2.0,1.0,2.0,1.0,1.0,2.0,0.0,3.0,3.0,3.0,3.0,3.0,3.0,3.0,3.0,22.844.466.524.227.100,1.0,3.0,3.0
355,1.0,1.0,1.0,2.0,1.0,2.0,0.0,3.0,3.0,3.0,3.0,3.0,3.0,3.0,3.0,22.844.466.524.227.100,1.0,3.0,3.0
357,1.0,1.0,2.0,1.0,4.0,1.0,1.0,3.0,3.0,3.0,3.0,3.0,3.0,3.0,3.0,22.844.466.524.227.100,1.0,1.0,6.0
358,1.0,1.0,1.0,1.0,4.0,2.0,0.0,3.0,3.0,3.0,3.0,3.0,3.0,3.0,3.0,22.844.466.524.227.100,1.0,2.0,6.0
374,1.0,1.0,1.0,2.0,1.0,1.0,1.0,3.0,3.0,3.0,3.0,3.0,3.0,3.0,3.0,22.844.466.524.227.100,1.0,1.0,3.0
154,2.0,2.0,1.0,2.0,1.0,1.0,0.0,36.666.666.666.666.600,3.5,3.0,3.0,3.75,3.25,3.0,4.333.333.333.333.330,22.936.979.085.884.700,1.0,1.0,3.0
128,1.0,2.0,1.0,2.0,1.0,1.0,0.0,33.333.333.333.333.300,3.0,3.0,2.0,3.25,3.25,4.0,4.0,23.076.465.911.984.100,1.0,1.0,1.0
119,1.0,1.0,2.0,1.0,2.0,2.0,1.0,3.0,3.25,4.0,3.5,4.0,3.25,4.0,4.0,2.317.612.428.975.100,1.0,2.0,4.0
54,2.0,2.0,2.0,2.0,1.0,2.0,0.0,36.666.666.666.666.600,4.25,4.0,3.0,4.0,3.25,3.5,4.333.333.333.333.330,23.313.543.429.852.300,1.0,2.0,2.0
145,1.0,1.0,2.0,1.0,2.0,1.0,1.0,33.333.333.333.333.300,3.75,4.333.333.333.333.330,3.5,4.5,3.5,4.0,4.666.666.666.666.660,2.428.263.601.734.650,1.0,1.0,4.0
77,2.0,1.0,2.0,2.0,1.0,2.0,0.0,4.333.333.333.333.330,4.25,36.666.666.666.666.600,4.0,4.0,3.0,4.0,4.0,24.527.668.492.948.900,1.0,2.0,3.0
364,1.0,1.0,1.0,1.0,4.0,1.0,1.0,3.0,3.0,23.333.333.333.333.300,3.0,3.5,2.5,3.0,4.0,2.460.812.770.486.500,1.0,1.0,6.0
47,2.0,2.0,1.0,2.0,1.0,1.0,0.0,33.333.333.333.333.300,4.0,36.666.666.666.666.600,3.0,4.0,3.25,3.0,36.666.666.666.666.600,24.841.786.321.537.500,1.0,1.0,3.0
221,2.0,2.0,2.0,1.0,2.0,1.0,0.0,4.333.333.333.333.330,3.75,4.333.333.333.333.330,4.5,4.75,4.25,4.5,4.666.666.666.666.660,2.521.869.509.022.390,1.0,1.0,4.0
158,2.0,1.0,2.0,1.0,4.0,2.0,0.0,4.333.333.333.333.330,3.5,4.0,3.5,4.5,4.5,4.0,4.666.666.666.666.660,25.723.464.286.001.700,1.0,2.0,6.0
242,2.0,1.0,2.0,1.0,1.0,1.0,0.0,4.0,3.75,36.666.666.666.666.600,4.0,4.0,3.75,4.5,5.0,25.914.643.737.735.700,1.0,1.0,3.0
201,2.0,1.0,2.0,2.0,1.0,1.0,1.0,3.0,3.25,2.0,3.0,3.5,3.0,4.0,4.0,2.643.524.404.049.910,1.0,1.0,3.0
390,1.0,1.0,1.0,1.0,1.0,2.0,1.0,33.333.333.333.333.300,4.0,4.0,4.0,4.0,4.0,4.0,4.0,26.587.551.722.900.200,1.0,2.0,3.0
392,1.0,1.0,2.0,1.0,4.0,1.0,1.0,33.333.333.333.333.300,4.0,4.0,4.0,4.0,4.0,4.0,4.0,26.587.551.722.900.200,1.0,1.0,6.0
396,1.0,1.0,1.0,1.0,1.0,2.0,1.0,33.333.333.333.333.300,4.0,4.0,4.0,4.0,4.0,4.0,4.0,26.587.551.722.900.200,1.0,2.0,3.0
397,1.0,1.0,2.0,2.0,1.0,2.0,1.0,33.333.333.333.333.300,4.0,4.0,4.0,4.0,4.0,4.0,4.0,26.587.551.722.900.200,1.0,2.0,2.0
67,2.0,1.0,2.0,1.0,4.0,1.0,0.0,36.666.666.666.666.600,4.25,33.333.333.333.333.300,3.0,4.0,3.75,4.5,4.0,2.691.475.515.060.970,1.0,1.0,6.0
307,2.0,1.0,2.0,1.0,1.0,1.0,0.0,3.0,3.75,3.0,3.0,3.75,3.5,3.0,4.0,27.425.033.218.099.100,1.0,1.0,1.0
303,1.0,1.0,2.0,1.0,4.0,1.0,0.0,4.0,3.75,4.0,2.5,4.0,3.25,3.5,36.666.666.666.666.600,27.705.149.725.056.300,1.0,1.0,6.0
113,2.0,1.0,2.0,2.0,1.0,2.0,1.0,4.333.333.333.333.330,3.25,4.0,3.0,4.0,3.5,4.5,5.0,280.120.989.261.647,1.0,2.0,2.0
359,1.0,1.0,1.0,1.0,2.0,2.0,0.0,4.333.333.333.333.330,4.25,4.333.333.333.333.330,3.5,4.0,4.25,4.0,4.666.666.666.666.660,2.806.820.414.799.010,1.0,2.0,4.0
36,1.0,1.0,1.0,2.0,1.0,2.0,0.0,4.0,4.0,33.333.333.333.333.300,3.0,4.0,3.5,3.0,4.333.333.333.333.330,2.821.596.986.812.430,1.0,2.0,3.0
299,1.0,2.0,2.0,2.0,1.0,1.0,1.0,26.666.666.666.666.600,3.0,3.0,3.0,3.75,3.5,3.5,33.333.333.333.333.300,28.315.882.779.709.000,1.0,1.0,3.0
330,1.0,1.0,2.0,2.0,4.0,2.0,0.0,3.0,3.0,3.0,3.0,3.0,3.0,4.0,4.333.333.333.333.330,28.647.590.584.650.300,1.0,3.0,6.0
236,2.0,2.0,2.0,2.0,1.0,2.0,0.0,3.0,2.0,33.333.333.333.333.300,3.0,3.5,2.75,3.5,4.0,2.866.115.342.789.250,1.0,2.0,3.0
235,2.0,1.0,2.0,1.0,1.0,1.0,1.0,5.0,4.0,5.0,4.0,5.0,4.0,4.5,5.0,29.054.719.490.235.800,1.0,1.0,2.0
314,1.0,1.0,2.0,2.0,1.0,1.0,1.0,36.666.666.666.666.600,3.75,4.0,3.0,3.5,3.75,4.0,36.666.666.666.666.600,29.282.467.200.027.100,1.0,1.0,3.0
53,1.0,1.0,2.0,1.0,4.0,1.0,1.0,26.666.666.666.666.600,3.5,3.0,3.5,3.75,3.25,4.0,36.666.666.666.666.600,29.536.617.977.967.000,1.0,1.0,6.0
189,2.0,2.0,2.0,2.0,1.0,1.0,0.0,3.0,3.25,26.666.666.666.666.600,3.0,3.5,3.5,3.0,3.0,29.544.739.641.015.500,1.0,1.0,3.0
193,2.0,2.0,1.0,2.0,2.0,1.0,1.0,4.0,2.75,3.0,3.0,3.75,4.0,3.5,4.0,2.990.471.319.110.610,1.0,1.0,4.0
362,1.0,1.0,2.0,1.0,1.0,2.0,0.0,33.333.333.333.333.300,4.0,33.333.333.333.333.300,3.5,4.5,3.25,4.5,5.0,30.131.032.333.548.400,1.0,2.0,2.0
181,2.0,1.0,2.0,1.0,4.0,1.0,0.0,4.0,4.25,4.333.333.333.333.330,3.0,4.5,3.75,4.0,5.0,30.172.322.907.039.000,1.0,1.0,6.0
65,2.0,1.0,1.0,1.0,0,1.0,0.0,4.0,3.5,4.333.333.333.333.330,3.5,4.0,3.75,3.0,33.333.333.333.333.300,3.075.819.656.285.830,1.0,1.0,0
115,2.0,2.0,1.0,2.0,1.0,2.0,1.0,4.333.333.333.333.330,3.75,4.0,4.0,4.0,3.25,3.5,33.333.333.333.333.300,30.837.448.855.382.700,1.0,2.0,2.0
261,2.0,2.0,1.0,2.0,1.0,2.0,0.0,4.333.333.333.333.330,3.75,4.0,2.5,4.25,3.0,3.0,4.0,30.933.690.327.251.200,1.0,2.0,3.0
247,2.0,1.0,2.0,2.0,1.0,2.0,1.0,36.666.666.666.666.600,2.5,3.0,3.0,3.0,3.0,3.0,3.0,3.096.240.092.879.750,1.0,3.0,3.0
55,1.0,2.0,1.0,2.0,1.0,1.0,1.0,4.666.666.666.666.660,4.0,4.0,3.0,4.25,2.75,3.5,4.666.666.666.666.660,3.134.968.327.634.900,1.0,1.0,3.0
194,2.0,2.0,2.0,2.0,1.0,2.0,0.0,3.0,3.0,3.0,3.0,3.75,4.25,3.5,4.0,31.425.914.307.747.900,1.0,2.0,3.0
138,1.0,,1.0,2.0,1.0,1.0,0.0,4.0,3.0,33.333.333.333.333.300,4.0,4.0,2.5,3.5,36.666.666.666.666.600,31.482.646.295.797.700,1.0,1.0,3.0
230,2.0,1.0,2.0,2.0,1.0,1.0,0.0,33.333.333.333.333.300,3.5,33.333.333.333.333.300,2.0,4.0,3.75,4.0,4.333.333.333.333.330,31.502.758.240.118.600,1.0,1.0,3.0
313,1.0,1.0,1.0,2.0,1.0,2.0,0.0,4.666.666.666.666.660,4.0,4.666.666.666.666.660,3.5,4.75,3.0,4.5,5.0,31.872.998.880.610.300,1.0,2.0,3.0
387,1.0,1.0,1.0,1.0,1.0,2.0,1.0,33.333.333.333.333.300,4.0,4.333.333.333.333.330,4.0,4.0,3.25,4.0,4.666.666.666.666.660,32.380.824.450.563.900,1.0,2.0,2.0
252,2.0,2.0,2.0,2.0,1.0,1.0,0.0,36.666.666.666.666.600,2.75,26.666.666.666.666.600,2.0,3.75,2.75,4.0,36.666.666.666.666.600,32.451.129.709.714.900,1.0,1.0,2.0
354,1.0,1.0,2.0,2.0,1.0,1.0,0.0,36.666.666.666.666.600,3.25,36.666.666.666.666.600,3.5,3.5,3.75,3.5,4.666.666.666.666.660,32.510.301.328.106.700,1.0,1.0,1.0
108,1.0,1.0,2.0,1.0,4.0,2.0,1.0,4.0,2.75,4.0,3.0,3.5,3.0,4.0,4.666.666.666.666.660,3.310.274.489.132.220,1.0,2.0,6.0
334,1.0,1.0,1.0,2.0,1.0,2.0,0.0,23.333.333.333.333.300,2.5,2.0,2.5,2.75,2.5,2.5,3.0,33.422.758.889.536.300,1.0,3.0,3.0
213,2.0,1.0,2.0,1.0,2.0,1.0,0.0,33.333.333.333.333.300,3.25,26.666.666.666.666.600,2.0,4.0,3.5,3.0,4.0,335.315.570.411.727,1.0,1.0,4.0
196,2.0,2.0,1.0,2.0,1.0,1.0,1.0,3.0,2.75,36.666.666.666.666.600,3.0,3.0,3.75,3.5,36.666.666.666.666.600,3.365.184.187.140.540,1.0,1.0,1.0
323,1.0,1.0,2.0,2.0,2.0,1.0,0.0,4.0,3.5,4.0,4.0,3.5,3.0,4.5,4.333.333.333.333.330,33.785.730.279.660.800,1.0,1.0,4.0
157,1.0,1.0,1.0,1.0,1.0,2.0,1.0,33.333.333.333.333.300,2.75,4.0,3.5,3.5,3.25,4.5,4.333.333.333.333.330,33.880.451.051.909.800,1.0,2.0,3.0
349,1.0,1.0,2.0,1.0,4.0,1.0,1.0,36.666.666.666.666.600,3.0,26.666.666.666.666.600,3.5,4.0,3.5,3.0,4.0,34.081.404.385.290.600,1.0,1.0,6.0
245,2.0,2.0,2.0,2.0,1.0,1.0,0.0,3.0,4.0,3.0,3.0,4.0,4.0,3.5,4.0,34.561.209.424.037.600,1.0,1.0,3.0
393,1.0,1.0,2.0,2.0,1.0,2.0,1.0,3.0,4.0,4.0,4.0,4.0,3.5,4.0,4.0,3.497.162.701.972.080,1.0,2.0,2.0
110,2.0,2.0,2.0,2.0,1.0,1.0,1.0,4.0,4.0,4.666.666.666.666.660,4.0,4.75,4.75,4.5,5.0,35.300.019.865.268.000,1.0,1.0,1.0
94,1.0,1.0,2.0,2.0,2.0,2.0,0.0,5.0,4.0,4.0,4.0,4.0,4.0,4.0,4.0,35.554.641.248.196.000,1.0,3.0,4.0
370,1.0,1.0,2.0,1.0,4.0,1.0,1.0,3.0,3.5,36.666.666.666.666.600,3.5,3.5,4.0,3.0,36.666.666.666.666.600,3.608.959.649.220.100,1.0,1.0,6.0
90,1.0,1.0,2.0,1.0,1.0,2.0,0.0,4.666.666.666.666.660,3.5,4.0,3.0,4.0,2.5,4.0,4.0,36.478.057.353.456.400,1.0,2.0,3.0
291,2.0,1.0,2.0,2.0,1.0,1.0,0.0,4.666.666.666.666.660,4.25,4.666.666.666.666.660,4.0,5.0,3.5,3.5,4.0,3.665.512.615.872.160,1.0,1.0,2.0
85,1.0,1.0,1.0,1.0,1.0,2.0,0.0,4.0,3.25,4.666.666.666.666.660,4.0,5.0,4.0,4.5,5.0,36.772.954.427.182.800,1.0,2.0,3.0
82,2.0,1.0,2.0,2.0,1.0,2.0,1.0,4.0,4.25,5.0,4.5,4.5,3.5,4.5,5.0,37.060.179.857.729.700,1.0,2.0,3.0
398,1.0,1.0,2.0,1.0,4.0,1.0,1.0,3.0,4.0,4.0,4.0,4.0,4.0,4.0,4.333.333.333.333.330,37.345.943.404.747.000,1.0,1.0,6.0
191,2.0,1.0,2.0,2.0,1.0,2.0,0.0,4.0,4.0,5.0,4.0,4.75,4.0,5.0,5.0,37.552.089.940.581.200,1.0,2.0,3.0
80,2.0,2.0,2.0,2.0,1.0,2.0,0.0,4.0,4.5,4.666.666.666.666.660,4.0,5.0,4.5,4.5,5.0,37.579.200.027.884.200,1.0,3.0,1.0
333,1.0,1.0,2.0,2.0,1.0,2.0,0.0,36.666.666.666.666.600,3.75,4.666.666.666.666.660,4.0,4.0,3.25,4.0,5.0,37.788.859.419.425.800,1.0,3.0,2.0
173,1.0,1.0,2.0,1.0,1.0,1.0,1.0,33.333.333.333.333.300,4.0,4.0,3.5,3.5,3.5,4.5,4.0,37.827.089.056.399.500,1.0,1.0,3.0
134,2.0,1.0,2.0,1.0,4.0,2.0,1.0,33.333.333.333.333.300,2.5,4.0,4.0,4.0,3.25,4.0,4.666.666.666.666.660,38.053.300.860.848.900,1.0,2.0,6.0
127,2.0,1.0,2.0,2.0,1.0,2.0,1.0,4.333.333.333.333.330,3.75,3.0,2.0,4.0,3.5,3.5,4.0,38.641.395.800.818.200,1.0,2.0,1.0
394,1.0,1.0,1.0,1.0,4.0,1.0,1.0,3.0,4.0,4.0,4.0,4.0,4.0,4.0,4.0,3.874.002.320.285.140,1.0,1.0,6.0
197,2.0,1.0,2.0,2.0,2.0,2.0,1.0,5.0,3.75,4.333.333.333.333.330,3.5,4.25,3.0,4.5,5.0,3.888.037.202.952.080,1.0,3.0,4.0
102,1.0,1.0,2.0,1.0,2.0,2.0,1.0,36.666.666.666.666.600,3.0,4.0,4.0,4.0,2.75,4.0,5.0,39.022.432.270.320.100,1.0,2.0,4.0
232,2.0,1.0,2.0,1.0,1.0,2.0,1.0,26.666.666.666.666.600,2.75,33.333.333.333.333.300,3.0,3.25,3.5,4.5,4.0,39.597.082.915.807.800,1.0,2.0,3.0
217,2.0,1.0,2.0,2.0,1.0,2.0,0.0,4.0,3.25,4.0,4.0,4.0,4.25,5.0,5.0,39.755.509.469.151.700,1.0,2.0,3.0
75,2.0,1.0,1.0,1.0,1.0,2.0,0.0,4.333.333.333.333.330,4.25,4.666.666.666.666.660,3.5,5.0,2.75,4.0,4.666.666.666.666.660,39.840.929.208.826.200,1.0,2.0,2.0
45,1.0,1.0,2.0,2.0,1.0,1.0,0.0,33.333.333.333.333.300,4.0,33.333.333.333.333.300,4.0,4.5,4.0,4.5,5.0,4.028.145.670.067.770,1.0,1.0,3.0
152,1.0,2.0,2.0,2.0,1.0,1.0,0.0,26.666.666.666.666.600,3.25,3.0,3.5,3.75,3.75,4.5,4.666.666.666.666.660,4.076.594.321.107.570,1.0,1.0,3.0
116,1.0,1.0,2.0,1.0,4.0,1.0,1.0,33.333.333.333.333.300,2.75,4.0,3.0,3.75,3.25,4.5,5.0,40.857.237.392.866.000,1.0,1.0,6.0
195,2.0,2.0,2.0,2.0,1.0,1.0,1.0,3.0,2.25,2.0,2.5,3.5,1.75,3.5,36.666.666.666.666.600,4.098.262.054.999.410,1.0,1.0,2.0
62,1.0,1.0,2.0,2.0,1.0,2.0,0.0,4.0,3.5,5.0,4.0,4.75,2.75,4.0,4.666.666.666.666.660,4.100.327.748.548.590,1.0,2.0,1.0
165,1.0,1.0,1.0,1.0,1.0,2.0,1.0,33.333.333.333.333.300,3.25,4.333.333.333.333.330,3.5,4.0,3.25,3.5,5.0,4.122.441.651.616.820,1.0,2.0,3.0
237,2.0,2.0,2.0,2.0,1.0,1.0,0.0,4.333.333.333.333.330,3.75,4.0,3.5,4.5,3.75,2.5,4.0,4.135.819.647.567.500,1.0,1.0,2.0
301,1.0,1.0,,2.0,4.0,1.0,1.0,3.0,3.0,3.0,3.0,2.5,2.5,3.0,3.0,4.138.350.837.943.520,1.0,1.0,6.0
399,1.0,1.0,2.0,1.0,1.0,2.0,1.0,33.333.333.333.333.300,4.0,4.666.666.666.666.660,4.0,4.0,4.0,4.0,4.666.666.666.666.660,4.140.521.080.369.450,1.0,2.0,3.0
125,2.0,2.0,1.0,1.0,1.0,1.0,1.0,33.333.333.333.333.300,3.0,3.0,3.0,3.0,4.0,3.0,3.0,4.232.083.368.418.100,1.0,1.0,3.0
400,1.0,1.0,2.0,1.0,1.0,2.0,1.0,33.333.333.333.333.300,4.0,4.666.666.666.666.660,4.0,4.25,3.75,4.5,5.0,4.235.589.807.776.650,1.0,2.0,3.0
175,1.0,2.0,2.0,2.0,1.0,1.0,0.0,33.333.333.333.333.300,4.0,26.666.666.666.666.600,3.0,4.25,2.75,3.0,33.333.333.333.333.300,42.582.956.482.332.500,1.0,1.0,2.0
294,2.0,1.0,1.0,2.0,1.0,1.0,1.0,36.666.666.666.666.600,3.0,4.0,3.0,3.0,3.0,3.0,3.0,42.968.647.022.019.700,1.0,1.0,2.0
37,1.0,1.0,2.0,1.0,4.0,1.0,1.0,4.0,3.75,5.0,4.0,4.75,3.0,3.5,5.0,4.327.136.675.818.930,1.0,1.0,6.0
388,1.0,1.0,2.0,1.0,4.0,1.0,1.0,33.333.333.333.333.300,4.0,4.666.666.666.666.660,4.0,4.25,3.5,4.5,5.0,432.872.224.180.598,1.0,1.0,6.0
120,2.0,1.0,2.0,1.0,4.0,1.0,0.0,5.0,3.75,5.0,4.0,4.5,4.5,3.5,4.666.666.666.666.660,4.335.212.354.301.030,1.0,1.0,6.0
391,1.0,1.0,2.0,2.0,1.0,2.0,1.0,3.0,4.0,4.0,3.5,4.25,2.5,3.5,4.0,4.367.705.824.911.980,1.0,3.0,2.0
262,1.0,1.0,2.0,2.0,1.0,2.0,0.0,5.0,5.0,5.0,4.5,5.0,4.0,5.0,5.0,4.371.948.062.475.410,1.0,3.0,1.0
231,2.0,1.0,2.0,2.0,1.0,2.0,0.0,4.666.666.666.666.660,3.0,4.0,3.0,4.0,3.75,4.0,36.666.666.666.666.600,44.226.642.542.198.800,1.0,2.0,2.0
38,2.0,1.0,2.0,1.0,1.0,1.0,1.0,4.666.666.666.666.660,3.75,5.0,3.5,4.0,3.25,4.0,5.0,4.429.812.710.349.770,1.0,1.0,3.0
328,1.0,,2.0,2.0,1.0,1.0,0.0,36.666.666.666.666.600,3.75,3.0,4.0,3.75,3.0,3.0,3.0,4.433.335.799.931.510,1.0,1.0,3.0
241,2.0,2.0,2.0,2.0,1.0,1.0,0.0,3.0,2.5,23.333.333.333.333.300,3.5,3.75,3.0,3.0,4.0,4.443.918.117.782.030,1.0,1.0,2.0
337,1.0,1.0,2.0,1.0,1.0,1.0,1.0,33.333.333.333.333.300,3.75,36.666.666.666.666.600,3.5,3.5,4.25,4.5,36.666.666.666.666.600,4.452.754.715.072.150,1.0,1.0,3.0
68,1.0,1.0,2.0,2.0,1.0,2.0,0.0,4.333.333.333.333.330,4.25,4.333.333.333.333.330,3.5,5.0,4.75,4.0,5.0,4.454.003.781.049.680,1.0,2.0,2.0
131,2.0,2.0,2.0,1.0,1.0,1.0,1.0,4.666.666.666.666.660,4.0,4.666.666.666.666.660,4.0,5.0,4.75,5.0,4.666.666.666.666.660,447.307.927.870.961,1.0,1.0,1.0
259,2.0,2.0,2.0,2.0,1.0,2.0,0.0,5.0,3.25,4.333.333.333.333.330,3.0,4.25,2.75,4.0,4.666.666.666.666.660,451.014.913.246.583,1.0,2.0,3.0
50,1.0,1.0,1.0,1.0,0,1.0,0.0,3.0,2.75,3.0,3.0,4.0,3.75,4.0,33.333.333.333.333.300,4.519.512.197.412.370,1.0,1.0,0
6,2.0,1.0,2.0,1.0,1.0,1.0,0.0,36.666.666.666.666.600,3.5,23.333.333.333.333.300,2.5,4.5,2.25,3.5,4.0,45.772.900.423.277.600,1.0,1.0,3.0
215,2.0,2.0,2.0,2.0,1.0,2.0,0.0,5.0,3.5,4.666.666.666.666.660,4.5,4.5,2.75,3.5,4.333.333.333.333.330,4.595.203.503.883.310,1.0,3.0,1.0
312,1.0,2.0,2.0,2.0,1.0,2.0,0.0,4.666.666.666.666.660,3.25,4.0,4.5,4.0,3.0,3.0,36.666.666.666.666.600,46.649.493.274.513.900,1.0,2.0,3.0
18,2.0,2.0,2.0,2.0,1.0,1.0,1.0,5.0,4.0,4.0,4.0,5.0,2.75,3.5,4.333.333.333.333.330,471.139.355.800.215,1.0,1.0,2.0
40,2.0,1.0,2.0,1.0,0,1.0,0.0,5.0,5.0,5.0,4.0,4.75,4.5,4.0,4.666.666.666.666.660,47.145.712.864.422.900,1.0,1.0,0
16,1.0,1.0,2.0,2.0,1.0,1.0,0.0,4.333.333.333.333.330,4.75,4.333.333.333.333.330,5.0,5.0,4.25,4.5,5.0,4.731.402.382.807.950,1.0,1.0,2.0
199,2.0,1.0,2.0,1.0,1.0,1.0,1.0,33.333.333.333.333.300,3.25,2.0,3.0,3.25,2.0,3.0,4.0,4.754.060.818.485.160,1.0,1.0,3.0
96,1.0,1.0,2.0,1.0,1.0,1.0,1.0,36.666.666.666.666.600,2.75,3.0,2.0,4.25,3.75,3.0,4.0,4.860.430.241.505.280,1.0,1.0,2.0
56,2.0,1.0,2.0,1.0,1.0,1.0,0.0,26.666.666.666.666.600,3.0,36.666.666.666.666.600,2.0,3.5,2.75,4.0,4.0,4.872.319.633.694.290,1.0,1.0,3.0
280,2.0,1.0,1.0,2.0,1.0,2.0,1.0,3.0,3.0,36.666.666.666.666.600,2.0,3.0,3.25,4.0,4.0,4.931.528.891.771.680,1.0,2.0,3.0
86,1.0,1.0,2.0,1.0,1.0,1.0,1.0,23.333.333.333.333.300,2.0,23.333.333.333.333.300,2.0,2.5,2.0,3.0,26.666.666.666.666.600,4.952.824.463.328.890,1.0,1.0,2.0
292,2.0,2.0,1.0,1.0,0,1.0,1.0,5.0,5.0,5.0,5.0,5.0,4.0,5.0,5.0,4.959.843.454.027.600,1.0,1.0,0
375,1.0,2.0,1.0,1.0,1.0,1.0,0.0,4.333.333.333.333.330,3.5,3.0,3.0,3.0,3.25,4.0,4.333.333.333.333.330,5.038.931.024.643.550,1.0,1.0,2.0
384,1.0,2.0,2.0,2.0,1.0,2.0,1.0,4.0,4.0,2.0,2.5,4.0,3.25,3.5,36.666.666.666.666.600,5.042.289.616.059.570,1.0,2.0,3.0
117,2.0,1.0,1.0,1.0,1.0,1.0,0.0,4.333.333.333.333.330,4.25,5.0,3.5,5.0,2.75,3.5,4.666.666.666.666.660,507.754.332.065.636,1.0,1.0,3.0
284,1.0,2.0,1.0,2.0,1.0,2.0,0.0,4.333.333.333.333.330,3.5,26.666.666.666.666.600,2.5,3.75,1.75,3.0,36.666.666.666.666.600,5.083.328.072.313.300,1.0,2.0,3.0
163,2.0,1.0,2.0,2.0,1.0,1.0,0.0,4.0,2.75,4.0,4.0,4.0,3.5,3.0,3.0,5.104.039.558.352.160,1.0,1.0,3.0
345,1.0,1.0,2.0,1.0,1.0,1.0,1.0,26.666.666.666.666.600,3.5,36.666.666.666.666.600,3.5,3.5,4.0,3.0,33.333.333.333.333.300,5.106.769.448.918.000,1.0,1.0,3.0
218,2.0,1.0,2.0,1.0,1.0,1.0,0.0,5.0,4.5,5.0,5.0,5.0,5.0,5.0,5.0,5.209.012.926.675.330,1.0,1.0,2.0
151,1.0,2.0,2.0,2.0,1.0,1.0,1.0,2.0,2.0,23.333.333.333.333.300,3.0,3.0,3.0,3.0,3.0,5.220.132.935.367.380,1.0,1.0,3.0
403,2.0,1.0,2.0,2.0,1.0,2.0,1.0,4.666.666.666.666.660,3.75,5.0,5.0,4.5,3.5,5.0,5.0,5.239.613.764.330.270,1.0,2.0,3.0
329,2.0,1.0,1.0,1.0,2.0,2.0,0.0,4.333.333.333.333.330,3.5,4.0,4.0,4.25,5.0,4.5,4.0,525.873.989.217.627,1.0,2.0,4.0
74,2.0,1.0,1.0,2.0,1.0,2.0,1.0,4.0,2.25,4.333.333.333.333.330,3.0,4.0,2.75,4.0,4.0,5.277.736.719.186.990,1.0,2.0,2.0
271,1.0,1.0,1.0,2.0,2.0,2.0,0.0,33.333.333.333.333.300,3.5,36.666.666.666.666.600,2.5,3.5,4.0,3.0,3.0,5.287.141.048.785.920,1.0,2.0,4.0
336,1.0,1.0,2.0,1.0,4.0,1.0,1.0,33.333.333.333.333.300,4.75,4.333.333.333.333.330,4.0,4.75,3.5,4.0,4.666.666.666.666.660,53.171.673.457.646.700,1.0,1.0,6.0
239,2.0,1.0,2.0,1.0,1.0,1.0,1.0,5.0,4.75,5.0,5.0,5.0,5.0,5.0,5.0,5.360.004.087.681.360,1.0,1.0,3.0
244,2.0,2.0,2.0,1.0,0,1.0,0.0,3.0,3.0,33.333.333.333.333.300,2.5,4.0,2.75,2.0,3.0,5.390.561.647.434.220,1.0,1.0,0
402,1.0,2.0,2.0,2.0,1.0,2.0,0.0,5.0,4.5,4.666.666.666.666.660,5.0,5.0,5.0,5.0,5.0,54.901.518.324.975.300,1.0,2.0,3.0
219,1.0,1.0,2.0,1.0,4.0,1.0,1.0,4.0,4.0,3.0,2.0,4.5,2.75,3.5,36.666.666.666.666.600,5.522.411.574.971.800,1.0,1.0,6.0
347,1.0,1.0,1.0,2.0,4.0,2.0,0.0,4.333.333.333.333.330,3.75,36.666.666.666.666.600,3.0,4.0,3.0,3.0,5.0,5.529.106.769.083.120,1.0,2.0,6.0
279,2.0,1.0,2.0,2.0,1.0,2.0,1.0,4.666.666.666.666.660,5.0,4.0,4.5,5.0,3.25,5.0,5.0,5.574.383.167.480.310,1.0,2.0,3.0
382,1.0,2.0,2.0,2.0,2.0,2.0,0.0,36.666.666.666.666.600,4.0,26.666.666.666.666.600,3.5,4.0,1.75,4.0,4.333.333.333.333.330,5.607.647.754.401.510,1.0,3.0,4.0
383,1.0,1.0,1.0,1.0,2.0,2.0,1.0,33.333.333.333.333.300,1.5,26.666.666.666.666.600,2.5,3.0,3.0,3.0,3.0,563.027.922.687.848,1.0,2.0,4.0
139,2.0,1.0,2.0,1.0,4.0,2.0,1.0,23.333.333.333.333.300,2.0,2.0,2.0,2.0,2.75,3.0,3.0,5.641.047.706.137.760,1.0,2.0,6.0
81,1.0,2.0,2.0,2.0,1.0,2.0,1.0,33.333.333.333.333.300,3.25,4.0,2.0,3.75,3.0,4.0,5.0,5.720.370.416.204.030,1.0,2.0,3.0
30,2.0,1.0,1.0,1.0,1.0,2.0,1.0,5.0,3.75,4.333.333.333.333.330,3.0,4.75,3.0,5.0,5.0,5.739.488.347.208.880,1.0,2.0,3.0
9,2.0,1.0,2.0,2.0,4.0,2.0,1.0,5.0,5.0,5.0,5.0,5.0,5.0,5.0,5.0,5.741.666.737.472.750,1.0,3.0,6.0
63,2.0,2.0,1.0,1.0,1.0,2.0,1.0,5.0,5.0,5.0,5.0,5.0,5.0,5.0,5.0,5.741.666.737.472.750,1.0,3.0,3.0
72,2.0,2.0,1.0,2.0,1.0,2.0,1.0,5.0,5.0,5.0,5.0,5.0,5.0,5.0,5.0,5.741.666.737.472.750,1.0,3.0,3.0
149,2.0,2.0,2.0,1.0,1.0,2.0,0.0,5.0,5.0,5.0,5.0,5.0,5.0,5.0,5.0,5.741.666.737.472.750,1.0,2.0,3.0
225,1.0,2.0,1.0,1.0,1.0,2.0,0.0,5.0,5.0,5.0,5.0,5.0,5.0,5.0,5.0,5.741.666.737.472.750,1.0,2.0,3.0
277,2.0,2.0,1.0,2.0,2.0,2.0,0.0,5.0,5.0,5.0,5.0,5.0,5.0,5.0,5.0,5.741.666.737.472.750,1.0,2.0,4.0
341,1.0,1.0,2.0,2.0,2.0,2.0,1.0,5.0,5.0,5.0,5.0,5.0,5.0,5.0,5.0,5.741.666.737.472.750,1.0,3.0,4.0
348,1.0,1.0,1.0,1.0,2.0,2.0,0.0,5.0,5.0,5.0,5.0,5.0,5.0,5.0,5.0,5.741.666.737.472.750,1.0,3.0,4.0
353,1.0,1.0,,1.0,4.0,1.0,1.0,5.0,5.0,5.0,5.0,5.0,5.0,5.0,5.0,5.741.666.737.472.750,1.0,1.0,6.0
84,1.0,2.0,2.0,2.0,1.0,1.0,1.0,3.0,2.25,4.0,4.0,4.0,4.0,4.0,4.0,5.758.735.430.570.170,1.0,1.0,3.0
254,2.0,2.0,2.0,2.0,1.0,2.0,1.0,33.333.333.333.333.300,3.75,36.666.666.666.666.600,3.0,3.25,3.25,2.0,33.333.333.333.333.300,5.820.876.775.574.220,1.0,2.0,3.0
306,1.0,1.0,2.0,2.0,4.0,2.0,0.0,4.666.666.666.666.660,2.75,36.666.666.666.666.600,3.0,3.75,3.0,3.0,3.0,5.822.960.008.078.130,1.0,2.0,6.0
164,2.0,1.0,2.0,1.0,4.0,1.0,0.0,36.666.666.666.666.600,2.5,36.666.666.666.666.600,3.0,4.25,2.0,4.0,5.0,5.881.198.924.282.840,1.0,1.0,6.0
342,1.0,1.0,2.0,2.0,1.0,1.0,1.0,3.0,2.25,33.333.333.333.333.300,3.0,3.25,2.0,3.5,4.666.666.666.666.660,595.494.562.496.283,1.0,1.0,2.0
76,1.0,1.0,1.0,1.0,1.0,1.0,1.0,33.333.333.333.333.300,4.0,33.333.333.333.333.300,2.0,3.25,4.0,4.0,4.333.333.333.333.330,598.751.509.901.414,1.0,1.0,3.0
187,2.0,1.0,2.0,1.0,4.0,1.0,0.0,4.333.333.333.333.330,3.25,36.666.666.666.666.600,2.0,4.75,2.5,3.5,4.333.333.333.333.330,5.990.246.181.454.190,1.0,1.0,6.0
257,2.0,1.0,1.0,2.0,2.0,2.0,0.0,5.0,5.0,4.666.666.666.666.660,4.0,5.0,3.0,5.0,5.0,6.008.916.441.219.100,1.0,2.0,4.0
320,1.0,2.0,2.0,2.0,1.0,1.0,1.0,36.666.666.666.666.600,3.0,4.0,2.0,3.25,4.0,4.0,4.0,60.404.801.064.033.000,1.0,1.0,3.0
295,1.0,1.0,1.0,1.0,1.0,2.0,1.0,33.333.333.333.333.300,2.75,5.0,4.0,4.25,3.5,4.0,5.0,6.065.655.411.270.040,1.0,2.0,3.0
206,2.0,2.0,1.0,2.0,1.0,2.0,0.0,5.0,5.0,4.666.666.666.666.660,5.0,4.75,3.5,3.5,4.333.333.333.333.330,6.085.924.872.918.440,1.0,2.0,2.0
20,2.0,1.0,2.0,2.0,1.0,2.0,1.0,23.333.333.333.333.300,2.75,4.0,2.5,3.25,3.0,3.0,4.0,61.061.056.700.411.400,1.0,3.0,3.0
278,2.0,2.0,2.0,2.0,1.0,2.0,1.0,4.0,2.75,4.666.666.666.666.660,3.5,4.5,2.0,3.5,4.333.333.333.333.330,6.119.071.150.540.520,1.0,3.0,3.0
114,2.0,1.0,2.0,1.0,1.0,1.0,1.0,36.666.666.666.666.600,3.25,36.666.666.666.666.600,3.0,4.5,3.75,3.0,3.0,623.209.989.705.611,1.0,1.0,3.0
272,2.0,2.0,1.0,2.0,2.0,2.0,1.0,26.666.666.666.666.600,2.75,26.666.666.666.666.600,2.5,2.5,4.0,3.5,3.0,62.483.095.896.037,1.0,3.0,4.0
174,2.0,2.0,1.0,2.0,1.0,2.0,0.0,3.0,3.25,3.0,3.0,5.0,3.0,3.5,4.666.666.666.666.660,6.264.999.130.444.380,1.0,2.0,3.0
290,2.0,2.0,1.0,2.0,1.0,2.0,0.0,4.0,4.5,33.333.333.333.333.300,3.5,4.0,2.75,3.5,3.0,62.714.931.016.313.600,1.0,2.0,2.0
172,2.0,1.0,2.0,1.0,0,2.0,0.0,36.666.666.666.666.600,3.5,36.666.666.666.666.600,5.0,4.5,3.5,4.0,36.666.666.666.666.600,6.281.646.090.815.970,1.0,2.0,0
73,2.0,2.0,1.0,2.0,2.0,2.0,0.0,4.333.333.333.333.330,2.75,4.333.333.333.333.330,4.5,4.75,3.75,5.0,5.0,6.326.376.943.268.500,1.0,2.0,4.0
285,2.0,2.0,2.0,2.0,1.0,2.0,1.0,23.333.333.333.333.300,2.25,13.333.333.333.333.300,1.5,2.25,2.25,3.5,26.666.666.666.666.600,6.378.194.868.432.440,1.0,3.0,3.0
66,2.0,1.0,2.0,1.0,1.0,2.0,0.0,4.666.666.666.666.660,3.25,23.333.333.333.333.300,2.5,3.5,2.25,3.0,36.666.666.666.666.600,64.148.106.932.676.900,1.0,2.0,2.0
210,2.0,1.0,2.0,1.0,4.0,1.0,1.0,3.0,2.0,2.0,3.0,3.75,3.5,4.0,36.666.666.666.666.600,6.426.560.438.941.300,1.0,1.0,6.0
249,2.0,1.0,1.0,2.0,2.0,2.0,0.0,5.0,5.0,5.0,4.0,5.0,2.75,4.5,5.0,6.444.112.590.544.960,1.0,3.0,4.0
5,1.0,1.0,1.0,1.0,4.0,1.0,1.0,3.0,2.0,3.0,3.0,4.0,2.0,2.5,3.0,6.488.097.844.329.630,1.0,1.0,6.0
111,2.0,1.0,2.0,1.0,1.0,1.0,1.0,26.666.666.666.666.600,2.75,13.333.333.333.333.300,2.0,3.25,3.75,3.0,33.333.333.333.333.300,649.185.271.111.393,1.0,1.0,2.0
379,2.0,2.0,2.0,1.0,2.0,2.0,0.0,4.0,3.75,4.0,4.0,4.25,2.0,2.5,4.333.333.333.333.330,6.495.188.781.705.970,1.0,2.0,4.0
13,1.0,2.0,2.0,2.0,1.0,2.0,0.0,33.333.333.333.333.300,3.0,36.666.666.666.666.600,4.5,3.0,3.0,3.0,3.0,6.526.102.497.487.430,1.0,2.0,3.0
161,2.0,1.0,2.0,1.0,1.0,1.0,1.0,3.0,2.75,4.0,4.0,4.25,2.5,3.5,33.333.333.333.333.300,66.215.285.333.617,1.0,1.0,3.0
317,2.0,2.0,2.0,2.0,1.0,1.0,0.0,4.0,2.5,36.666.666.666.666.600,2.5,3.5,1.5,3.0,4.333.333.333.333.330,6.630.754.422.272.250,1.0,1.0,3.0
326,1.0,1.0,2.0,1.0,4.0,1.0,0.0,4.333.333.333.333.330,2.5,33.333.333.333.333.300,3.0,4.25,3.0,5.0,5.0,6.643.560.788.927.840,1.0,1.0,6.0
234,2.0,2.0,1.0,2.0,1.0,2.0,0.0,5.0,3.25,5.0,5.0,5.0,4.25,5.0,5.0,668.383.962.184.677,1.0,3.0,3.0
180,1.0,1.0,2.0,1.0,1.0,2.0,0.0,4.333.333.333.333.330,4.0,4.0,3.0,4.5,3.5,3.0,3.0,6.738.397.622.345.660,1.0,2.0,2.0
222,1.0,2.0,2.0,1.0,1.0,1.0,1.0,23.333.333.333.333.300,2.25,13.333.333.333.333.300,1.0,3.5,2.25,3.5,4.0,6.747.193.998.666.830,1.0,1.0,3.0
212,2.0,2.0,2.0,1.0,2.0,2.0,0.0,4.0,2.75,4.666.666.666.666.660,4.0,4.5,2.75,2.5,33.333.333.333.333.300,6.748.393.505.014.130,1.0,2.0,4.0
256,2.0,2.0,2.0,2.0,1.0,1.0,0.0,3.0,4.25,23.333.333.333.333.300,2.5,4.0,3.75,5.0,5.0,68.826.051.055.576.800,1.0,1.0,3.0
233,2.0,2.0,1.0,2.0,1.0,1.0,0.0,4.666.666.666.666.660,3.5,4.0,2.5,4.25,3.0,2.5,4.666.666.666.666.660,6.975.064.867.427.310,1.0,1.0,3.0
186,1.0,1.0,2.0,1.0,1.0,1.0,0.0,3.0,4.0,23.333.333.333.333.300,2.0,3.5,2.5,5.0,4.666.666.666.666.660,7.016.715.188.911.730,1.0,1.0,3.0
112,2.0,2.0,1.0,1.0,1.0,1.0,0.0,36.666.666.666.666.600,2.25,3.0,1.5,2.75,3.5,3.5,33.333.333.333.333.300,7.049.362.716.418.620,1.0,1.0,3.0
146,2.0,2.0,1.0,1.0,0,1.0,1.0,23.333.333.333.333.300,3.75,2.0,1.5,3.0,3.5,4.0,36.666.666.666.666.600,7.094.936.742.232.480,1.0,1.0,0
205,1.0,1.0,2.0,1.0,1.0,1.0,0.0,4.666.666.666.666.660,4.75,4.333.333.333.333.330,3.0,4.75,5.0,4.0,4.333.333.333.333.330,7.103.154.611.645.650,1.0,1.0,3.0
19,1.0,1.0,2.0,1.0,4.0,1.0,1.0,33.333.333.333.333.300,2.5,5.0,3.5,4.5,2.75,3.5,4.666.666.666.666.660,7.116.220.714.343.160,1.0,1.0,6.0
14,2.0,1.0,2.0,1.0,1.0,1.0,0.0,36.666.666.666.666.600,3.5,3.0,2.0,4.0,3.0,4.5,33.333.333.333.333.300,7.155.039.775.787.630,1.0,1.0,3.0
266,2.0,1.0,1.0,1.0,2.0,2.0,1.0,4.0,3.75,36.666.666.666.666.600,4.5,5.0,2.25,4.5,4.666.666.666.666.660,717.705.364.528.632,1.0,2.0,4.0
395,1.0,1.0,1.0,2.0,1.0,2.0,1.0,4.0,4.5,4.333.333.333.333.330,3.5,4.25,4.0,3.0,5.0,7.201.780.929.991.480,1.0,2.0,3.0
377,1.0,1.0,1.0,1.0,1.0,1.0,1.0,2.0,1.5,3.0,3.0,3.0,3.0,3.0,3.0,720.850.795.283.895,1.0,1.0,2.0
49,1.0,1.0,2.0,1.0,4.0,2.0,0.0,26.666.666.666.666.600,2.25,3.0,3.5,2.5,3.0,2.0,3.0,72.897.314.286.854.200,1.0,2.0,6.0
238,2.0,1.0,2.0,1.0,1.0,2.0,1.0,4.666.666.666.666.660,3.75,3.0,2.5,3.0,3.5,4.0,4.333.333.333.333.330,72.927.588.658.248.800,1.0,2.0,2.0
275,2.0,1.0,1.0,1.0,0,1.0,0.0,23.333.333.333.333.300,3.5,33.333.333.333.333.300,4.0,3.0,2.5,3.5,33.333.333.333.333.300,7.329.614.174.019.390,1.0,1.0,0
224,2.0,2.0,1.0,1.0,2.0,1.0,0.0,3.0,2.25,26.666.666.666.666.600,2.0,3.0,2.25,2.0,2.0,7.392.730.647.790.530,1.0,1.0,4.0
137,2.0,1.0,2.0,2.0,4.0,2.0,0.0,5.0,3.0,5.0,3.0,4.5,4.5,4.0,5.0,7.410.786.287.133.440,1.0,3.0,6.0
95,2.0,1.0,1.0,2.0,1.0,1.0,0.0,36.666.666.666.666.600,3.75,4.333.333.333.333.330,2.0,3.5,3.5,4.5,4.666.666.666.666.660,74.179.112.078.904.200,1.0,1.0,2.0
226,2.0,2.0,1.0,1.0,1.0,2.0,0.0,4.666.666.666.666.660,4.25,5.0,2.5,4.25,2.75,3.5,4.333.333.333.333.330,7.421.612.411.806.920,1.0,2.0,3.0
126,2.0,1.0,2.0,2.0,1.0,2.0,1.0,23.333.333.333.333.300,3.5,26.666.666.666.666.600,3.0,3.5,1.25,3.5,36.666.666.666.666.600,746.406.275.850.731,1.0,2.0,3.0
265,2.0,2.0,1.0,2.0,2.0,2.0,0.0,5.0,4.25,5.0,4.0,3.5,3.0,4.0,4.333.333.333.333.330,75.208.012.482.118.000,1.0,2.0,4.0
318,2.0,1.0,2.0,2.0,1.0,2.0,1.0,4.333.333.333.333.330,2.0,4.333.333.333.333.330,3.0,4.0,3.5,3.0,4.666.666.666.666.660,7.560.108.203.908.710,1.0,2.0,2.0
51,1.0,1.0,1.0,1.0,1.0,1.0,0.0,3.0,3.5,16.666.666.666.666.600,3.0,4.5,3.0,3.5,4.333.333.333.333.330,7.613.067.558.269.470,1.0,1.0,3.0
246,1.0,1.0,2.0,2.0,4.0,2.0,0.0,36.666.666.666.666.600,3.5,4.666.666.666.666.660,4.0,3.25,2.5,3.0,3.0,7.627.790.090.733.080,1.0,3.0,6.0
248,2.0,1.0,2.0,1.0,0,1.0,0.0,3.0,3.0,3.0,3.0,4.0,4.75,4.0,5.0,7.663.947.995.758.790,1.0,1.0,0
319,2.0,1.0,2.0,2.0,1.0,2.0,0.0,33.333.333.333.333.300,4.75,2.0,2.5,3.75,3.25,3.5,33.333.333.333.333.300,7.675.866.316.900.990,1.0,2.0,3.0
204,2.0,,1.0,2.0,1.0,1.0,0.0,4.0,3.75,26.666.666.666.666.600,3.0,4.5,2.5,3.0,5.0,768.634.951.436.078,1.0,1.0,1.0
10,2.0,1.0,2.0,2.0,1.0,2.0,0.0,5.0,3.0,4.0,3.0,4.0,3.75,4.0,33.333.333.333.333.300,7.727.434.005.299.420,1.0,2.0,3.0
220,1.0,2.0,2.0,2.0,2.0,1.0,0.0,33.333.333.333.333.300,4.25,4.333.333.333.333.330,3.0,4.0,3.5,3.0,3.0,7.781.372.947.382.780,1.0,1.0,4.0
39,2.0,1.0,1.0,1.0,1.0,1.0,0.0,4.0,2.5,3.0,2.5,4.25,3.25,2.0,4.0,7.784.401.293.488.010,1.0,1.0,2.0
255,2.0,2.0,2.0,2.0,1.0,2.0,0.0,33.333.333.333.333.300,4.5,4.333.333.333.333.330,3.5,5.0,4.0,4.5,4.0,7.857.984.428.553.480,1.0,3.0,3.0
182,2.0,1.0,2.0,1.0,4.0,1.0,0.0,36.666.666.666.666.600,3.25,23.333.333.333.333.300,2.0,2.25,3.25,2.5,3.0,8.042.248.636.312.870,1.0,1.0,6.0
216,1.0,1.0,2.0,1.0,4.0,1.0,0.0,4.333.333.333.333.330,3.75,23.333.333.333.333.300,2.0,4.25,2.5,3.0,4.666.666.666.666.660,8.096.368.484.449.540,1.0,1.0,6.0
263,1.0,1.0,2.0,2.0,1.0,1.0,0.0,23.333.333.333.333.300,3.5,16.666.666.666.666.600,1.0,3.0,2.75,4.0,4.333.333.333.333.330,809.697.215.925.686,1.0,1.0,2.0
316,1.0,1.0,2.0,2.0,1.0,2.0,1.0,4.0,4.0,4.0,4.0,3.0,4.25,5.0,4.333.333.333.333.330,827.024.827.617.656,1.0,2.0,3.0
208,2.0,,1.0,1.0,1.0,1.0,0.0,4.666.666.666.666.660,3.25,3.0,3.0,3.25,4.0,5.0,4.666.666.666.666.660,8.330.995.936.419.810,1.0,1.0,1.0
190,1.0,2.0,2.0,2.0,1.0,1.0,1.0,3.0,3.0,3.0,4.0,4.5,3.25,2.5,4.333.333.333.333.330,8.347.684.309.364.510,1.0,1.0,3.0
378,1.0,1.0,2.0,1.0,4.0,1.0,0.0,5.0,4.5,5.0,2.5,4.5,3.5,3.5,5.0,8.385.055.282.830.820,1.0,1.0,6.0
338,1.0,1.0,2.0,2.0,1.0,2.0,0.0,4.0,2.5,3.0,3.0,4.25,4.0,2.5,3.0,838.661.120.510.117,1.0,2.0,3.0
15,1.0,,1.0,2.0,1.0,1.0,1.0,36.666.666.666.666.600,3.5,26.666.666.666.666.600,4.5,4.5,2.75,4.0,5.0,8.418.018.337.325.120,1.0,1.0,2.0
17,2.0,1.0,1.0,2.0,1.0,1.0,1.0,23.333.333.333.333.300,3.0,2.0,2.5,3.25,3.5,4.0,5.0,8.437.659.741.209.530,1.0,1.0,2.0
135,2.0,2.0,2.0,2.0,1.0,1.0,0.0,5.0,4.5,36.666.666.666.666.600,3.0,5.0,3.0,3.0,5.0,851.793.101.103.744,1.0,1.0,1.0
83,2.0,2.0,2.0,2.0,1.0,2.0,0.0,3.0,4.5,4.666.666.666.666.660,4.0,4.25,3.0,3.0,36.666.666.666.666.600,8.559.884.762.838.520,1.0,2.0,1.0
92,1.0,1.0,1.0,1.0,4.0,1.0,1.0,3.0,2.0,3.0,3.0,3.25,4.0,4.5,5.0,8.724.026.789.517.220,1.0,1.0,6.0
122,1.0,1.0,2.0,1.0,1.0,1.0,1.0,33.333.333.333.333.300,4.5,16.666.666.666.666.600,3.5,4.25,3.0,4.0,4.333.333.333.333.330,8.834.796.068.149.990,1.0,1.0,3.0
91,1.0,1.0,2.0,2.0,1.0,2.0,0.0,3.0,3.5,36.666.666.666.666.600,3.0,3.25,2.0,5.0,4.666.666.666.666.660,8.874.784.056.621.160,1.0,3.0,3.0
148,1.0,2.0,1.0,1.0,1.0,1.0,1.0,2.0,1.25,13.333.333.333.333.300,2.0,2.0,2.0,2.0,2.0,8.910.082.038.541.530,1.0,1.0,3.0
176,2.0,1.0,2.0,1.0,1.0,1.0,0.0,5.0,3.25,4.0,2.5,5.0,4.5,3.5,4.666.666.666.666.660,8.912.050.777.641.590,1.0,1.0,3.0
311,1.0,1.0,1.0,2.0,2.0,1.0,1.0,3.0,2.5,4.0,2.5,3.5,4.0,5.0,4.0,891.243.842.328.474,1.0,1.0,4.0
25,2.0,1.0,2.0,1.0,1.0,1.0,0.0,4.0,3.0,4.666.666.666.666.660,3.5,4.0,4.75,3.0,3.0,8.925.365.961.873.380,1.0,1.0,3.0
26,2.0,1.0,2.0,1.0,1.0,1.0,0.0,4.666.666.666.666.660,5.0,4.333.333.333.333.330,3.0,5.0,3.5,3.0,36.666.666.666.666.600,8.925.390.667.908.130,1.0,1.0,3.0
253,2.0,2.0,2.0,2.0,0,2.0,1.0,26.666.666.666.666.600,1.75,4.0,3.5,3.0,2.5,4.0,36.666.666.666.666.600,8.928.600.933.125.440,1.0,2.0,0
107,2.0,1.0,1.0,1.0,0,2.0,1.0,3.0,4.0,3.0,4.0,5.0,3.0,5.0,4.333.333.333.333.330,9.107.779.022.789.740,1.0,2.0,0
240,2.0,2.0,2.0,1.0,1.0,2.0,0.0,4.0,2.5,4.0,2.0,4.0,3.75,5.0,4.333.333.333.333.330,9.110.906.121.380.340,1.0,2.0,3.0
171,2.0,1.0,2.0,1.0,4.0,2.0,0.0,5.0,5.0,5.0,5.0,5.0,4.0,3.0,5.0,9.132.150.088.531.740,1.0,2.0,6.0
289,2.0,2.0,1.0,1.0,2.0,1.0,0.0,5.0,5.0,5.0,5.0,5.0,4.0,3.0,5.0,9.132.150.088.531.740,1.0,1.0,4.0
269,2.0,1.0,1.0,1.0,2.0,1.0,0.0,5.0,3.0,5.0,5.0,5.0,5.0,5.0,5.0,9.147.167.225.131.610,1.0,1.0,4.0
168,2.0,2.0,2.0,1.0,0,2.0,0.0,4.333.333.333.333.330,4.25,3.0,2.0,5.0,4.25,5.0,5.0,920.606.474.791.028,1.0,2.0,0
44,1.0,1.0,2.0,1.0,4.0,2.0,1.0,2.0,3.5,33.333.333.333.333.300,2.0,4.0,3.25,4.0,36.666.666.666.666.600,9.206.967.485.992.400,1.0,2.0,6.0
48,2.0,1.0,2.0,2.0,1.0,2.0,0.0,5.0,4.25,4.666.666.666.666.660,4.5,5.0,2.0,3.0,4.666.666.666.666.660,9.248.766.340.644.760,1.0,3.0,2.0
141,2.0,1.0,2.0,1.0,1.0,2.0,0.0,4.666.666.666.666.660,3.25,26.666.666.666.666.600,3.0,3.5,2.0,2.5,4.333.333.333.333.330,9.585.226.236.398.190,1.0,2.0,3.0
283,2.0,1.0,1.0,1.0,1.0,2.0,1.0,5.0,4.0,36.666.666.666.666.600,5.0,4.75,4.25,3.5,5.0,9.586.492.318.745.090,1.0,2.0,3.0
363,1.0,1.0,1.0,1.0,1.0,1.0,0.0,33.333.333.333.333.300,4.5,2.0,3.5,4.75,2.5,4.0,4.0,9.609.267.648.390.150,1.0,1.0,2.0
305,2.0,1.0,2.0,2.0,1.0,1.0,0.0,4.0,2.75,4.666.666.666.666.660,2.5,4.0,2.5,5.0,5.0,9.737.522.787.004.090,1.0,1.0,3.0
288,2.0,1.0,2.0,2.0,1.0,2.0,1.0,36.666.666.666.666.600,3.5,23.333.333.333.333.300,1.5,4.5,2.0,3.5,33.333.333.333.333.300,974.817.718.217.767,1.0,2.0,2.0
70,1.0,1.0,1.0,2.0,1.0,2.0,0.0,23.333.333.333.333.300,3.25,4.0,4.0,4.25,2.0,3.0,4.333.333.333.333.330,9.757.714.278.328.940,1.0,3.0,3.0
177,1.0,2.0,1.0,2.0,2.0,2.0,0.0,5.0,3.5,4.333.333.333.333.330,3.0,3.0,3.0,3.0,3.0,9.772.792.025.111.170,1.0,3.0,4.0
104,2.0,2.0,1.0,1.0,1.0,1.0,1.0,26.666.666.666.666.600,3.5,1.0,1.5,3.5,3.25,4.0,3.0,9.778.336.993.185.180,1.0,1.0,2.0
304,2.0,1.0,2.0,1.0,4.0,1.0,1.0,26.666.666.666.666.600,3.25,1.0,1.0,2.75,1.25,4.0,36.666.666.666.666.600,9.815.946.687.964.370,1.0,1.0,6.0
267,2.0,1.0,1.0,1.0,2.0,1.0,0.0,4.0,2.25,4.666.666.666.666.660,3.5,5.0,4.25,5.0,5.0,9.967.778.165.620.820,1.0,1.0,4.0
202,1.0,2.0,1.0,2.0,1.0,1.0,0.0,4.333.333.333.333.330,3.25,23.333.333.333.333.300,3.0,2.75,3.75,3.5,4.333.333.333.333.330,10.057.740.965.246.800,1.0,1.0,3.0
327,1.0,2.0,2.0,2.0,1.0,1.0,0.0,3.0,3.75,4.333.333.333.333.330,3.5,4.25,3.0,5.0,36.666.666.666.666.600,1.018.622.297.655.960,1.0,1.0,3.0
214,1.0,2.0,2.0,2.0,1.0,1.0,1.0,33.333.333.333.333.300,2.5,2.0,2.5,3.25,3.0,2.5,4.666.666.666.666.660,10.226.688.609.051.600,1.0,1.0,3.0
28,2.0,1.0,2.0,2.0,1.0,2.0,1.0,33.333.333.333.333.300,1.5,4.333.333.333.333.330,3.0,3.0,2.25,3.0,4.333.333.333.333.330,10.282.326.550.061.600,1.0,2.0,3.0
118,1.0,1.0,2.0,2.0,1.0,1.0,1.0,26.666.666.666.666.600,2.5,33.333.333.333.333.300,4.5,3.5,2.25,4.5,4.666.666.666.666.660,10.367.571.997.270.600,1.0,1.0,3.0
300,2.0,2.0,1.0,2.0,2.0,2.0,0.0,5.0,3.5,4.333.333.333.333.330,3.0,5.0,3.5,2.0,4.333.333.333.333.330,10.378.955.140.674.000,1.0,2.0,4.0
372,1.0,1.0,2.0,2.0,1.0,1.0,0.0,4.0,2.5,23.333.333.333.333.300,2.5,3.25,4.75,4.0,33.333.333.333.333.300,10.426.062.663.163.000,1.0,1.0,3.0
192,1.0,2.0,2.0,1.0,2.0,1.0,1.0,23.333.333.333.333.300,1.0,1.0,1.0,3.0,1.5,3.0,36.666.666.666.666.600,10.426.719.476.214.300,1.0,1.0,4.0
132,2.0,2.0,2.0,2.0,1.0,2.0,0.0,4.0,2.25,4.666.666.666.666.660,2.5,3.0,4.0,2.5,36.666.666.666.666.600,10.429.753.273.404.000,1.0,2.0,1.0
260,2.0,1.0,2.0,1.0,1.0,2.0,1.0,3.0,2.0,3.0,4.0,3.25,3.0,2.0,4.0,10.506.160.839.740.000,1.0,2.0,3.0
89,2.0,1.0,2.0,1.0,0,2.0,0.0,4.666.666.666.666.660,4.0,4.666.666.666.666.660,3.0,4.0,1.75,2.0,36.666.666.666.666.600,10.558.551.397.776.600,1.0,2.0,0
8,1.0,2.0,2.0,2.0,1.0,2.0,0.0,4.333.333.333.333.330,3.75,23.333.333.333.333.300,4.0,3.0,3.0,2.5,33.333.333.333.333.300,1.060.603.272.919.560,1.0,2.0,3.0
27,2.0,1.0,1.0,1.0,1.0,1.0,1.0,5.0,2.75,5.0,5.0,5.0,5.0,5.0,5.0,10.610.876.485.623.000,1.0,1.0,3.0
23,2.0,1.0,2.0,1.0,1.0,2.0,1.0,5.0,3.75,4.0,4.0,3.25,2.0,3.0,3.0,1.078.854.747.572.950,1.0,2.0,3.0
371,1.0,0,2.0,2.0,2.0,2.0,0.0,23.333.333.333.333.300,3.75,2.0,2.0,4.0,1.25,4.0,4.666.666.666.666.660,1.082.685.012.812.070,1.0,3.0,4.0
98,2.0,1.0,2.0,1.0,4.0,2.0,1.0,26.666.666.666.666.600,2.75,4.0,2.5,4.0,2.5,1.5,4.0,10.828.521.347.442.100,1.0,2.0,6.0
352,1.0,1.0,2.0,2.0,1.0,1.0,0.0,36.666.666.666.666.600,4.25,26.666.666.666.666.600,4.5,4.75,5.0,5.0,5.0,1.100.007.440.321.760,1.0,1.0,3.0
121,2.0,1.0,2.0,2.0,4.0,2.0,1.0,4.333.333.333.333.330,3.0,23.333.333.333.333.300,2.0,2.75,3.5,5.0,4.0,11.010.433.017.032.500,1.0,2.0,6.0
129,1.0,1.0,1.0,1.0,1.0,1.0,0.0,4.0,2.25,5.0,4.0,5.0,2.5,3.0,5.0,1.107.402.996.651.460,1.0,1.0,2.0
78,1.0,1.0,2.0,2.0,1.0,2.0,1.0,5.0,3.5,5.0,5.0,4.0,2.5,5.0,5.0,11.131.326.939.444.500,1.0,2.0,3.0
21,2.0,1.0,2.0,1.0,4.0,1.0,0.0,23.333.333.333.333.300,2.75,3.0,1.5,2.25,3.0,3.0,4.333.333.333.333.330,11.163.174.625.755.200,1.0,1.0,6.0
281,2.0,1.0,1.0,2.0,1.0,2.0,1.0,5.0,5.0,5.0,5.0,4.0,3.0,3.0,33.333.333.333.333.300,11.362.583.619.322.200,1.0,2.0,3.0
140,2.0,0,2.0,2.0,0,1.0,0.0,5.0,3.0,4.0,4.5,5.0,3.75,2.5,33.333.333.333.333.300,11.494.441.149.616.300,1.0,1.0,
11,2.0,2.0,2.0,2.0,1.0,2.0,0.0,33.333.333.333.333.300,4.5,4.333.333.333.333.330,5.0,3.75,3.75,4.0,3.0,11.500.907.058.400.700,1.0,2.0,3.0
209,2.0,1.0,2.0,2.0,1.0,1.0,0.0,33.333.333.333.333.300,3.5,4.333.333.333.333.330,2.0,4.75,5.0,4.0,4.666.666.666.666.660,1.157.414.069.607.660,1.0,1.0,3.0
69,1.0,2.0,2.0,2.0,1.0,2.0,1.0,4.0,3.5,1.0,2.0,2.5,2.5,3.5,36.666.666.666.666.600,11.577.658.046.892.900,1.0,2.0,3.0
159,1.0,2.0,1.0,2.0,1.0,1.0,0.0,2.0,2.75,13.333.333.333.333.300,1.0,3.25,1.25,2.5,4.333.333.333.333.330,11.701.211.251.228.500,1.0,1.0,3.0
153,2.0,2.0,1.0,1.0,1.0,2.0,0.0,5.0,4.0,5.0,3.0,5.0,5.0,3.0,36.666.666.666.666.600,11.784.407.128.531.000,1.0,2.0,3.0
229,2.0,1.0,2.0,2.0,1.0,2.0,0.0,5.0,2.5,36.666.666.666.666.600,3.5,2.75,3.25,3.5,3.0,11.818.623.937.997.100,1.0,2.0,2.0
166,2.0,1.0,1.0,2.0,0,2.0,0.0,3.0,4.5,5.0,3.0,5.0,4.0,5.0,5.0,11.844.942.126.444.300,1.0,2.0,0
35,2.0,1.0,2.0,1.0,1.0,2.0,0.0,36.666.666.666.666.600,1.75,3.0,1.0,3.5,3.0,4.0,33.333.333.333.333.300,11.870.947.109.050.100,1.0,2.0,2.0
227,1.0,2.0,1.0,2.0,1.0,1.0,0.0,5.0,5.0,23.333.333.333.333.300,3.0,5.0,4.0,5.0,5.0,1.200.052.746.284.270,1.0,1.0,3.0
184,2.0,1.0,2.0,2.0,1.0,1.0,0.0,3.0,3.0,2.0,1.0,4.25,3.75,4.5,36.666.666.666.666.600,12.099.096.293.173.900,1.0,1.0,3.0
162,1.0,1.0,2.0,2.0,1.0,1.0,0.0,36.666.666.666.666.600,1.75,2.0,3.0,3.25,1.25,4.0,4.333.333.333.333.330,12.102.020.816.994.300,1.0,1.0,3.0
133,2.0,2.0,1.0,2.0,0,2.0,0.0,26.666.666.666.666.600,3.5,4.0,3.5,4.25,1.5,2.5,4.666.666.666.666.660,12.164.629.260.057.400,1.0,2.0,0
340,1.0,1.0,2.0,2.0,1.0,1.0,1.0,4.333.333.333.333.330,4.75,2.0,4.0,4.0,2.75,5.0,4.0,1.217.280.159.599.660,1.0,1.0,3.0
223,2.0,2.0,2.0,1.0,1.0,1.0,0.0,3.0,1.5,2.0,1.5,3.5,2.75,2.0,4.333.333.333.333.330,12.352.842.140.450.400,1.0,1.0,2.0
57,2.0,1.0,1.0,1.0,1.0,2.0,0.0,2.0,2.5,2.0,2.0,3.25,4.25,5.0,5.0,12.579.418.026.031.800,1.0,2.0,3.0
287,1.0,1.0,2.0,2.0,1.0,1.0,0.0,4.333.333.333.333.330,4.0,2.0,4.0,4.25,2.0,5.0,4.666.666.666.666.660,12.734.369.061.260.900,1.0,1.0,2.0
401,1.0,1.0,2.0,1.0,4.0,1.0,0.0,33.333.333.333.333.300,2.5,5.0,4.0,3.0,3.5,3.5,5.0,12.843.239.057.209.100,1.0,1.0,6.0
179,2.0,1.0,2.0,1.0,1.0,1.0,0.0,4.666.666.666.666.660,3.5,5.0,3.0,2.75,3.5,4.0,4.666.666.666.666.660,1.294.610.623.541.900,1.0,1.0,3.0
367,1.0,1.0,2.0,2.0,1.0,2.0,1.0,26.666.666.666.666.600,3.25,16.666.666.666.666.600,1.0,4.0,4.0,5.0,5.0,13.028.065.839.502.100,1.0,2.0,3.0
293,2.0,1.0,2.0,1.0,1.0,1.0,1.0,23.333.333.333.333.300,4.0,3.0,3.0,4.0,1.5,5.0,5.0,13.091.604.316.979.300,1.0,1.0,2.0
286,2.0,1.0,2.0,1.0,1.0,1.0,0.0,5.0,4.5,3.0,2.5,4.0,3.5,2.0,4.0,1.310.212.422.651.550,1.0,1.0,3.0
258,2.0,1.0,2.0,2.0,1.0,1.0,0.0,33.333.333.333.333.300,1.25,2.0,3.5,3.0,3.25,2.0,26.666.666.666.666.600,13.106.703.207.509.000,1.0,1.0,2.0
309,1.0,2.0,2.0,2.0,1.0,1.0,0.0,4.0,4.5,2.0,2.0,4.5,1.75,5.0,4.333.333.333.333.330,13.288.857.911.839.700,1.0,1.0,2.0
183,2.0,1.0,2.0,1.0,1.0,2.0,1.0,26.666.666.666.666.600,2.5,3.0,1.0,4.25,1.5,4.0,5.0,13.370.751.865.583.800,1.0,2.0,3.0
3,2.0,1.0,1.0,1.0,1.0,1.0,0.0,4.333.333.333.333.330,3.0,5.0,4.5,4.75,1.25,4.0,4.666.666.666.666.660,13.496.643.726.751.400,1.0,1.0,1.0
71,1.0,1.0,2.0,2.0,1.0,2.0,1.0,5.0,5.0,5.0,3.0,4.0,3.25,3.0,3.0,1.355.004.421.488.420,1.0,2.0,1.0
109,2.0,2.0,1.0,2.0,1.0,2.0,0.0,5.0,2.0,5.0,3.0,5.0,3.0,3.0,5.0,13.599.154.856.784.400,1.0,3.0,3.0
32,2.0,1.0,1.0,2.0,1.0,2.0,1.0,5.0,3.0,26.666.666.666.666.600,3.0,4.5,1.25,4.0,4.0,13.676.942.900.960.100,1.0,2.0,2.0
251,2.0,2.0,2.0,2.0,1.0,2.0,1.0,5.0,1.75,36.666.666.666.666.600,3.5,4.25,1.75,3.0,36.666.666.666.666.600,13.733.645.444.519.300,1.0,2.0,3.0
380,1.0,2.0,2.0,2.0,1.0,1.0,1.0,4.0,2.25,4.333.333.333.333.330,2.5,2.25,1.75,2.5,36.666.666.666.666.600,13.872.888.378.898.900,1.0,1.0,3.0
368,1.0,1.0,2.0,2.0,1.0,2.0,1.0,16.666.666.666.666.600,2.25,1.0,1.0,1.75,1.0,3.0,4.0,13.977.360.310.752.600,1.0,3.0,3.0
41,2.0,1.0,2.0,2.0,1.0,2.0,0.0,5.0,2.0,5.0,4.0,5.0,2.75,2.5,4.666.666.666.666.660,1.400.734.745.893.930,1.0,2.0,3.0
325,2.0,2.0,2.0,2.0,1.0,2.0,1.0,33.333.333.333.333.300,1.75,16.666.666.666.666.600,3.0,3.0,4.0,3.5,23.333.333.333.333.300,14.135.185.646.357.500,1.0,2.0,3.0
198,2.0,2.0,1.0,2.0,2.0,2.0,0.0,4.333.333.333.333.330,3.75,2.0,5.0,4.25,3.5,4.5,4.0,14.140.498.116.826.900,1.0,2.0,4.0
93,2.0,1.0,2.0,1.0,4.0,1.0,0.0,4.333.333.333.333.330,3.5,26.666.666.666.666.600,1.0,4.25,2.0,5.0,4.333.333.333.333.330,14.144.180.529.475.400,1.0,1.0,6.0
203,2.0,1.0,2.0,1.0,1.0,2.0,0.0,4.0,2.25,36.666.666.666.666.600,2.5,4.0,4.5,1.5,3.0,1.426.789.478.334.820,1.0,2.0,3.0
61,1.0,1.0,2.0,1.0,2.0,2.0,1.0,23.333.333.333.333.300,2.0,1.0,1.0,3.5,2.5,1.5,2.0,14.342.605.617.445.600,1.0,2.0,4.0
60,1.0,1.0,2.0,2.0,1.0,2.0,0.0,4.333.333.333.333.330,4.5,5.0,4.0,3.5,2.0,5.0,5.0,143.567.492.990.839,1.0,2.0,3.0
335,1.0,1.0,2.0,1.0,0,1.0,0.0,36.666.666.666.666.600,4.5,23.333.333.333.333.300,1.5,4.25,5.0,5.0,5.0,14.410.128.058.621.300,1.0,1.0,
34,1.0,1.0,1.0,1.0,0,2.0,1.0,5.0,3.0,3.0,5.0,5.0,4.0,5.0,5.0,14.510.287.065.749.000,1.0,2.0,
361,1.0,1.0,2.0,2.0,1.0,2.0,0.0,33.333.333.333.333.300,1.5,3.0,4.0,4.5,3.0,5.0,5.0,14.571.510.283.545.900,1.0,2.0,1.0
7,1.0,2.0,2.0,2.0,0,2.0,1.0,26.666.666.666.666.600,3.25,1.0,4.0,3.75,2.5,2.5,33.333.333.333.333.300,14.688.944.454.546.000,1.0,3.0,0
167,2.0,1.0,2.0,1.0,4.0,1.0,1.0,4.0,2.0,2.0,3.0,4.75,3.25,5.0,4.666.666.666.666.660,14.737.665.207.368.300,1.0,1.0,6.0
332,1.0,1.0,2.0,1.0,1.0,2.0,0.0,26.666.666.666.666.600,3.75,1.0,3.5,4.0,3.5,5.0,5.0,14.764.986.586.925.000,1.0,2.0,3.0
268,2.0,1.0,1.0,1.0,0,2.0,0.0,5.0,2.75,36.666.666.666.666.600,5.0,5.0,2.75,3.0,33.333.333.333.333.300,14.929.879.965.161.500,1.0,2.0,
144,2.0,2.0,2.0,2.0,1.0,2.0,0.0,4.666.666.666.666.660,3.0,4.0,1.5,4.75,1.25,3.5,4.333.333.333.333.330,15.242.895.363.502.300,1.0,2.0,3.0
4,1.0,1.0,1.0,1.0,1.0,1.0,0.0,4.333.333.333.333.330,4.75,4.333.333.333.333.330,3.0,3.0,5.0,5.0,5.0,1.535.515.782.456.900,1.0,1.0,3.0
87,1.0,1.0,2.0,1.0,4.0,1.0,1.0,2.0,2.5,1.0,3.0,3.0,2.5,5.0,5.0,15.374.581.366.359.900,1.0,1.0,6.0
346,1.0,1.0,1.0,1.0,4.0,1.0,0.0,2.0,2.25,1.0,1.0,2.5,1.0,5.0,36.666.666.666.666.600,15.835.845.243.336.600,1.0,1.0,6.0
331,1.0,2.0,1.0,1.0,1.0,2.0,0.0,4.333.333.333.333.330,1.75,26.666.666.666.666.600,2.5,4.5,4.75,4.5,4.333.333.333.333.330,1.609.754.489.256.870,1.0,2.0,2.0
58,2.0,1.0,1.0,1.0,1.0,2.0,1.0,5.0,2.25,5.0,5.0,4.0,2.0,4.0,5.0,16.235.989.293.756.000,1.0,2.0,2.0
315,1.0,1.0,2.0,1.0,4.0,1.0,0.0,4.666.666.666.666.660,4.5,26.666.666.666.666.600,1.0,4.0,2.0,5.0,5.0,16.500.040.678.723.800,1.0,1.0,6.0
46,2.0,1.0,2.0,2.0,1.0,1.0,1.0,33.333.333.333.333.300,4.0,4.0,1.0,5.0,4.25,4.0,5.0,1.651.336.928.541.540,1.0,1.0,1.0
188,2.0,2.0,2.0,2.0,1.0,2.0,0.0,33.333.333.333.333.300,2.75,16.666.666.666.666.600,4.0,4.25,4.75,5.0,5.0,16.600.381.767.388.100,1.0,2.0,3.0
385,1.0,0,1.0,1.0,1.0,1.0,1.0,1.0,1.0,1.0,1.0,1.0,1.5,1.0,23.333.333.333.333.300,16.604.596.614.691.100,1.0,1.0,3.0
273,1.0,1.0,1.0,1.0,0,1.0,0.0,26.666.666.666.666.600,1.75,1.0,1.0,1.0,2.0,1.0,2.0,17.076.284.451.295.900,1.0,1.0,
130,1.0,2.0,2.0,2.0,1.0,1.0,0.0,4.0,4.5,1.0,3.0,4.5,2.0,5.0,4.333.333.333.333.330,1.724.568.840.902.810,1.0,1.0,2.0
350,1.0,2.0,2.0,1.0,1.0,1.0,0.0,16.666.666.666.666.600,1.0,1.0,1.0,1.0,1.0,1.5,1.0,17.392.890.730.574.400,1.0,1.0,2.0
276,1.0,2.0,2.0,2.0,1.0,1.0,0.0,2.0,1.0,13.333.333.333.333.300,3.0,1.75,2.25,2.5,13.333.333.333.333.300,17.550.447.092.758.400,1.0,1.0,3.0
324,1.0,1.0,2.0,2.0,4.0,1.0,1.0,23.333.333.333.333.300,2.0,1.0,1.0,2.0,1.0,5.0,36.666.666.666.666.600,1.757.122.266.585.960,1.0,1.0,6.0
105,1.0,2.0,2.0,2.0,1.0,1.0,0.0,1.0,2.25,16.666.666.666.666.600,1.0,4.25,2.5,3.0,33.333.333.333.333.300,17.745.360.309.723.700,1.0,1.0,3.0
369,1.0,1.0,2.0,1.0,4.0,1.0,0.0,16.666.666.666.666.600,4.0,1.0,1.0,3.0,1.0,3.0,4.333.333.333.333.330,1.793.580.064.977.440,1.0,1.0,6.0
22,2.0,1.0,2.0,2.0,2.0,2.0,1.0,1.0,1.0,1.0,1.0,1.0,1.0,1.0,1.0,17.948.881.608.548.000,1.0,3.0,4.0
344,1.0,1.0,1.0,1.0,2.0,1.0,1.0,1.0,1.0,1.0,1.0,1.0,1.0,1.0,1.0,17.948.881.608.548.000,1.0,1.0,4.0
365,1.0,0,2.0,2.0,1.0,2.0,1.0,3.0,3.75,1.0,2.5,1.5,1.5,3.0,33.333.333.333.333.300,18.222.653.627.935.300,1.0,3.0,1.0
1,2.0,1.0,2.0,2.0,4.0,2.0,1.0,36.666.666.666.666.600,2.5,5.0,4.5,5.0,1.5,2.0,4.666.666.666.666.660,1.845.421.909.530.790,1.0,3.0,6.0
298,1.0,2.0,1.0,2.0,1.0,2.0,1.0,1.0,1.5,23.333.333.333.333.300,3.0,3.5,1.25,1.5,23.333.333.333.333.300,18.481.324.931.648.500,1.0,2.0,2.0
274,2.0,2.0,1.0,1.0,1.0,1.0,1.0,23.333.333.333.333.300,1.0,1.0,1.0,1.0,1.0,1.0,1.0,18.655.241.950.035.200,1.0,1.0,3.0
143,1.0,2.0,2.0,2.0,1.0,1.0,1.0,16.666.666.666.666.600,3.25,3.0,3.0,4.5,2.0,2.0,23.333.333.333.333.300,19.566.052.028.823.000,1.0,1.0,3.0
150,1.0,1.0,2.0,2.0,2.0,2.0,0.0,5.0,5.0,5.0,3.5,3.25,2.5,3.5,26.666.666.666.666.600,196.619.779.207.376,1.0,3.0,4.0
250,2.0,1.0,1.0,2.0,2.0,1.0,1.0,5.0,4.0,36.666.666.666.666.600,1.0,5.0,5.0,5.0,5.0,19.665.576.291.617.100,1.0,1.0,4.0
366,1.0,1.0,2.0,2.0,1.0,2.0,0.0,5.0,4.5,5.0,5.0,5.0,3.25,1.0,4.0,1.994.618.277.173.480,1.0,2.0,1.0
373,1.0,1.0,1.0,1.0,1.0,1.0,1.0,16.666.666.666.666.600,2.0,1.0,1.0,4.5,2.0,2.0,3.0,20.045.187.704.500.300,1.0,1.0,2.0
2,2.0,1.0,2.0,1.0,0,2.0,1.0,33.333.333.333.333.300,1.25,36.666.666.666.666.600,1.0,3.5,4.0,5.0,5.0,20.141.126.515.604.400,1.0,2.0,0
169,1.0,1.0,2.0,1.0,4.0,1.0,0.0,5.0,4.0,4.0,2.0,2.75,1.75,1.5,36.666.666.666.666.600,20.430.305.241.667.700,1.0,1.0,6.0
160,2.0,2.0,1.0,2.0,2.0,2.0,0.0,36.666.666.666.666.600,2.0,23.333.333.333.333.300,1.0,5.0,1.0,3.0,36.666.666.666.666.600,20.878.845.666.202.100,1.0,3.0,4.0
296,2.0,2.0,2.0,2.0,1.0,2.0,1.0,36.666.666.666.666.600,1.0,36.666.666.666.666.600,4.0,5.0,4.5,3.5,5.0,21.560.618.144.738.800,1.0,2.0,2.0
52,2.0,1.0,2.0,1.0,1.0,1.0,0.0,1.0,3.0,4.0,4.0,3.25,4.0,4.5,5.0,21.994.758.451.288.100,1.0,1.0,3.0
12,1.0,1.0,2.0,1.0,4.0,1.0,0.0,23.333.333.333.333.300,5.0,23.333.333.333.333.300,4.0,3.75,2.25,2.5,4.666.666.666.666.660,22.086.116.092.094.200,1.0,1.0,6.0
360,1.0,1.0,2.0,2.0,4.0,1.0,0.0,5.0,5.0,16.666.666.666.666.600,1.0,3.5,2.0,3.0,4.333.333.333.333.330,2.249.850.497.247.680,1.0,1.0,6.0
339,1.0,2.0,2.0,2.0,1.0,2.0,0.0,3.0,3.0,36.666.666.666.666.600,5.0,5.0,1.0,5.0,4.333.333.333.333.330,23.834.650.812.945.100,1.0,2.0,2.0
142,1.0,2.0,1.0,2.0,1.0,1.0,0.0,16.666.666.666.666.600,3.5,1.0,1.0,2.25,1.25,4.5,2.0,239.224.553.735.314,1.0,1.0,3.0
297,2.0,1.0,2.0,1.0,4.0,1.0,0.0,4.666.666.666.666.660,5.0,1.0,3.0,3.0,4.0,5.0,5.0,2.592.408.685.610.320,1.0,1.0,6.0
124,1.0,2.0,1.0,2.0,1.0,1.0,0.0,1.0,4.0,1.0,1.0,3.0,1.0,1.0,36.666.666.666.666.600,28.851.021.874.698.900,0.0,1.0,1.0
178,1.0,0,2.0,2.0,1.0,1.0,0.0,5.0,3.0,1.0,3.0,2.0,1.0,3.0,23.333.333.333.333.300,2.886.072.601.278.450,0.0,1.0,3.0
24,1.0,1.0,1.0,2.0,1.0,2.0,0.0,36.666.666.666.666.600,2.75,5.0,1.0,4.5,1.0,5.0,5.0,30.109.986.468.660.500,0.0,2.0,3.0
351,1.0,1.0,1.0,2.0,1.0,2.0,0.0,5.0,3.5,4.333.333.333.333.330,1.0,5.0,3.0,1.0,5.0,3.169.034.187.594.590,0.0,2.0,3.0
43,2.0,1.0,1.0,1.0,2.0,1.0,1.0,23.333.333.333.333.300,2.0,36.666.666.666.666.600,3.0,3.0,4.0,1.0,5.0,3.213.917.024.514.310,0.0,1.0,4.0
282,2.0,1.0,2.0,2.0,0,2.0,1.0,16.666.666.666.666.600,1.0,16.666.666.666.666.600,1.0,1.5,4.0,3.0,5.0,3.234.522.491.015.800,0.0,2.0,0
33,1.0,1.0,1.0,1.0,2.0,2.0,0.0,1.0,3.0,1.0,1.0,4.0,3.0,1.0,1.0,366.703.681.659.795,0.0,2.0,4.0